"filename", "language", "Ini", "C++", "C", "Properties", "Markdown", "YAML", "JSON", "comment", "blank", "total"
"c:\Users\Tuomas\Documents\PlatformIO\Projects\openATControl\headers\buttonPad.h", "C++", 0, 17, 0, 0, 0, 0, 0, 0, 7, 24
"c:\Users\Tuomas\Documents\PlatformIO\Projects\openATControl\headers\core.h", "C++", 0, 72, 0, 0, 0, 0, 0, 2, 23, 97
"c:\Users\Tuomas\Documents\PlatformIO\Projects\openATControl\headers\mapHandler.h", "C++", 0, 110, 0, 0, 0, 0, 0, 0, 40, 150
"c:\Users\Tuomas\Documents\PlatformIO\Projects\openATControl\headers\screenControl.h", "C++", 0, 28, 0, 0, 0, 0, 0, 0, 11, 39
"c:\Users\Tuomas\Documents\PlatformIO\Projects\openATControl\headers\speedMeasurement.h", "C++", 0, 24, 0, 0, 0, 0, 0, 0, 6, 30
"c:\Users\Tuomas\Documents\PlatformIO\Projects\openATControl\headers\storageHandler.h", "C++", 0, 17, 0, 0, 0, 0, 0, 0, 12, 29
"c:\Users\Tuomas\Documents\PlatformIO\Projects\openATControl\headers\ui.h", "C++", 0, 104, 0, 0, 0, 0, 0, 5, 20, 129
"c:\Users\Tuomas\Documents\PlatformIO\Projects\openATControl\lib\DueTimer\DueTimer.cpp", "C++", 0, 193, 0, 0, 0, 0, 0, 78, 48, 319
"c:\Users\Tuomas\Documents\PlatformIO\Projects\openATControl\lib\DueTimer\DueTimer.h", "C++", 0, 72, 0, 0, 0, 0, 0, 25, 26, 123
"c:\Users\Tuomas\Documents\PlatformIO\Projects\openATControl\lib\DueTimer\README.md", "Markdown", 0, 0, 0, 0, 83, 0, 0, 0, 43, 126
"c:\Users\Tuomas\Documents\PlatformIO\Projects\openATControl\lib\DueTimer\TimerCounter.md", "Markdown", 0, 0, 0, 0, 80, 0, 0, 0, 27, 107
"c:\Users\Tuomas\Documents\PlatformIO\Projects\openATControl\lib\DueTimer\library.json", "JSON", 0, 0, 0, 0, 0, 0, 25, 3, 0, 28
"c:\Users\Tuomas\Documents\PlatformIO\Projects\openATControl\lib\DueTimer\library.properties", "Properties", 0, 0, 0, 9, 0, 0, 0, 0, 1, 10
"c:\Users\Tuomas\Documents\PlatformIO\Projects\openATControl\lib\SD\.travis.yml", "YAML", 0, 0, 0, 0, 0, 68, 0, 11, 11, 90
"c:\Users\Tuomas\Documents\PlatformIO\Projects\openATControl\lib\SD\examples\CardInfo\CardInfo.ino", "C++", 0, 66, 0, 0, 0, 0, 0, 35, 16, 117
"c:\Users\Tuomas\Documents\PlatformIO\Projects\openATControl\lib\SD\examples\Datalogger\Datalogger.ino", "C++", 0, 34, 0, 0, 0, 0, 0, 31, 20, 85
"c:\Users\Tuomas\Documents\PlatformIO\Projects\openATControl\lib\SD\examples\DumpFile\DumpFile.ino", "C++", 0, 27, 0, 0, 0, 0, 0, 28, 11, 66
"c:\Users\Tuomas\Documents\PlatformIO\Projects\openATControl\lib\SD\examples\Files\Files.ino", "C++", 0, 37, 0, 0, 0, 0, 0, 24, 15, 76
"c:\Users\Tuomas\Documents\PlatformIO\Projects\openATControl\lib\SD\examples\NonBlockingWrite\NonBlockingWrite.ino", "C++", 0, 39, 0, 0, 0, 0, 0, 36, 17, 92
"c:\Users\Tuomas\Documents\PlatformIO\Projects\openATControl\lib\SD\examples\ReadWrite\ReadWrite.ino", "C++", 0, 36, 0, 0, 0, 0, 0, 30, 14, 80
"c:\Users\Tuomas\Documents\PlatformIO\Projects\openATControl\lib\SD\examples\listfiles\listfiles.ino", "C++", 0, 40, 0, 0, 0, 0, 0, 27, 14, 81
"c:\Users\Tuomas\Documents\PlatformIO\Projects\openATControl\lib\SD\library.properties", "Properties", 0, 0, 0, 9, 0, 0, 0, 0, 1, 10
"c:\Users\Tuomas\Documents\PlatformIO\Projects\openATControl\lib\SD\src\File.cpp", "C++", 0, 107, 0, 0, 0, 0, 0, 33, 29, 169
"c:\Users\Tuomas\Documents\PlatformIO\Projects\openATControl\lib\SD\src\SD.cpp", "C++", 0, 224, 0, 0, 0, 0, 0, 303, 111, 638
"c:\Users\Tuomas\Documents\PlatformIO\Projects\openATControl\lib\SD\src\SD.h", "C++", 0, 76, 0, 0, 0, 0, 0, 35, 28, 139
"c:\Users\Tuomas\Documents\PlatformIO\Projects\openATControl\lib\SD\src\utility\FatStructs.h", "C++", 0, 111, 0, 0, 0, 0, 0, 306, 2, 419
"c:\Users\Tuomas\Documents\PlatformIO\Projects\openATControl\lib\SD\src\utility\Sd2Card.cpp", "C++", 0, 514, 0, 0, 0, 0, 0, 218, 46, 778
"c:\Users\Tuomas\Documents\PlatformIO\Projects\openATControl\lib\SD\src\utility\Sd2Card.h", "C++", 0, 141, 0, 0, 0, 0, 0, 127, 6, 274
"c:\Users\Tuomas\Documents\PlatformIO\Projects\openATControl\lib\SD\src\utility\Sd2PinMap.h", "C++", 0, 425, 0, 0, 0, 0, 0, 57, 44, 526
"c:\Users\Tuomas\Documents\PlatformIO\Projects\openATControl\lib\SD\src\utility\SdFat.h", "C++", 0, 379, 0, 0, 0, 0, 0, 247, 16, 642
"c:\Users\Tuomas\Documents\PlatformIO\Projects\openATControl\lib\SD\src\utility\SdFatUtil.h", "C++", 0, 35, 0, 0, 0, 0, 0, 42, 1, 78
"c:\Users\Tuomas\Documents\PlatformIO\Projects\openATControl\lib\SD\src\utility\SdFatmainpage.h", "C++", 0, 0, 0, 0, 0, 0, 0, 201, 2, 203
"c:\Users\Tuomas\Documents\PlatformIO\Projects\openATControl\lib\SD\src\utility\SdFile.cpp", "C++", 0, 833, 0, 0, 0, 0, 0, 584, 111, 1528
"c:\Users\Tuomas\Documents\PlatformIO\Projects\openATControl\lib\SD\src\utility\SdInfo.h", "C++", 0, 127, 0, 0, 0, 0, 0, 105, 1, 233
"c:\Users\Tuomas\Documents\PlatformIO\Projects\openATControl\lib\SD\src\utility\SdVolume.cpp", "C++", 0, 227, 0, 0, 0, 0, 0, 94, 31, 352
"c:\Users\Tuomas\Documents\PlatformIO\Projects\openATControl\lib\U8g2\README.md", "Markdown", 0, 0, 0, 0, 6, 0, 0, 0, 7, 13
"c:\Users\Tuomas\Documents\PlatformIO\Projects\openATControl\lib\U8g2\examples\full_buffer\FPS\FPS.ino", "C++", 0, 141, 0, 0, 0, 0, 0, 403, 40, 584
"c:\Users\Tuomas\Documents\PlatformIO\Projects\openATControl\lib\U8g2\examples\full_buffer\FontUsage\FontUsage.ino", "C++", 0, 159, 0, 0, 0, 0, 0, 306, 49, 514
"c:\Users\Tuomas\Documents\PlatformIO\Projects\openATControl\lib\U8g2\examples\full_buffer\GraphicsTest\GraphicsTest.ino", "C++", 0, 193, 0, 0, 0, 0, 0, 254, 37, 484
"c:\Users\Tuomas\Documents\PlatformIO\Projects\openATControl\lib\U8g2\examples\full_buffer\HelloWorld\HelloWorld.ino", "C++", 0, 18, 0, 0, 0, 0, 0, 251, 11, 280
"c:\Users\Tuomas\Documents\PlatformIO\Projects\openATControl\lib\U8g2\examples\full_buffer\IconMenu\IconMenu.ino", "C++", 0, 140, 0, 0, 0, 0, 0, 268, 32, 440
"c:\Users\Tuomas\Documents\PlatformIO\Projects\openATControl\lib\U8g2\examples\full_buffer\PrintUTF8\PrintUTF8.ino", "C++", 0, 23, 0, 0, 0, 0, 0, 253, 16, 292
"c:\Users\Tuomas\Documents\PlatformIO\Projects\openATControl\lib\U8g2\examples\full_buffer\ScreenShot\ScreenShot.ino", "C++", 0, 20, 0, 0, 0, 0, 0, 256, 13, 289
"c:\Users\Tuomas\Documents\PlatformIO\Projects\openATControl\lib\U8g2\examples\full_buffer\SelectionList\SelectionList.ino", "C++", 0, 43, 0, 0, 0, 0, 0, 259, 23, 325
"c:\Users\Tuomas\Documents\PlatformIO\Projects\openATControl\lib\U8g2\examples\full_buffer\Shennong\Shennong.ino", "C++", 0, 104, 0, 0, 0, 0, 0, 333, 47, 484
"c:\Users\Tuomas\Documents\PlatformIO\Projects\openATControl\lib\U8g2\examples\full_buffer\U8g2Logo\U8g2Logo.ino", "C++", 0, 70, 0, 0, 0, 0, 0, 253, 24, 347
"c:\Users\Tuomas\Documents\PlatformIO\Projects\openATControl\lib\U8g2\examples\full_buffer\UpdateArea\UpdateArea.ino", "C++", 0, 43, 0, 0, 0, 0, 0, 257, 23, 323
"c:\Users\Tuomas\Documents\PlatformIO\Projects\openATControl\lib\U8g2\examples\full_buffer\Weather\Weather.ino", "C++", 0, 116, 0, 0, 0, 0, 0, 280, 42, 438
"c:\Users\Tuomas\Documents\PlatformIO\Projects\openATControl\lib\U8g2\examples\games\LittleRookChess\LittleRookChess.ino", "C++", 0, 1351, 0, 0, 0, 0, 0, 635, 362, 2348
"c:\Users\Tuomas\Documents\PlatformIO\Projects\openATControl\lib\U8g2\examples\games\SpaceTrash\SpaceTrash.ino", "C++", 0, 1056, 0, 0, 0, 0, 0, 472, 187, 1715
"c:\Users\Tuomas\Documents\PlatformIO\Projects\openATControl\lib\U8g2\examples\page_buffer\A2Printer\A2Printer.ino", "C++", 0, 89, 0, 0, 0, 0, 0, 47, 32, 168
"c:\Users\Tuomas\Documents\PlatformIO\Projects\openATControl\lib\U8g2\examples\page_buffer\Chinese\Chinese.ino", "C++", 0, 24, 0, 0, 0, 0, 0, 255, 13, 292
"c:\Users\Tuomas\Documents\PlatformIO\Projects\openATControl\lib\U8g2\examples\page_buffer\ClipWindow\ClipWindow.ino", "C++", 0, 27, 0, 0, 0, 0, 0, 270, 25, 322
"c:\Users\Tuomas\Documents\PlatformIO\Projects\openATControl\lib\U8g2\examples\page_buffer\Clock\Clock.ino", "C++", 0, 27, 0, 0, 0, 0, 0, 271, 20, 318
"c:\Users\Tuomas\Documents\PlatformIO\Projects\openATControl\lib\U8g2\examples\page_buffer\ContrastTest\ContrastTest.ino", "C++", 0, 50, 0, 0, 0, 0, 0, 260, 23, 333
"c:\Users\Tuomas\Documents\PlatformIO\Projects\openATControl\lib\U8g2\examples\page_buffer\Devanagari\Devanagari.ino", "C++", 0, 54, 0, 0, 0, 0, 0, 294, 27, 375
"c:\Users\Tuomas\Documents\PlatformIO\Projects\openATControl\lib\U8g2\examples\page_buffer\DirectAccess\DirectAccess.ino", "C++", 0, 78, 0, 0, 0, 0, 0, 278, 35, 391
"c:\Users\Tuomas\Documents\PlatformIO\Projects\openATControl\lib\U8g2\examples\page_buffer\DrawLog\DrawLog.ino", "C++", 0, 41, 0, 0, 0, 0, 0, 271, 28, 340
"c:\Users\Tuomas\Documents\PlatformIO\Projects\openATControl\lib\U8g2\examples\page_buffer\ExtUTF8\ExtUTF8.ino", "C++", 0, 29, 0, 0, 0, 0, 0, 262, 21, 312
"c:\Users\Tuomas\Documents\PlatformIO\Projects\openATControl\lib\U8g2\examples\page_buffer\FPS\FPS.ino", "C++", 0, 136, 0, 0, 0, 0, 0, 495, 44, 675
"c:\Users\Tuomas\Documents\PlatformIO\Projects\openATControl\lib\U8g2\examples\page_buffer\FlipMode\FlipMode.ino", "C++", 0, 54, 0, 0, 0, 0, 0, 247, 23, 324
"c:\Users\Tuomas\Documents\PlatformIO\Projects\openATControl\lib\U8g2\examples\page_buffer\GraphicsTest\GraphicsTest.ino", "C++", 0, 221, 0, 0, 0, 0, 0, 262, 47, 530
"c:\Users\Tuomas\Documents\PlatformIO\Projects\openATControl\lib\U8g2\examples\page_buffer\HelloWorld\HelloWorld.ino", "C++", 0, 18, 0, 0, 0, 0, 0, 287, 20, 325
"c:\Users\Tuomas\Documents\PlatformIO\Projects\openATControl\lib\U8g2\examples\page_buffer\IconMenu\IconMenu.ino", "C++", 0, 154, 0, 0, 0, 0, 0, 267, 33, 454
"c:\Users\Tuomas\Documents\PlatformIO\Projects\openATControl\lib\U8g2\examples\page_buffer\Japanese\Japanese.ino", "C++", 0, 24, 0, 0, 0, 0, 0, 253, 13, 290
"c:\Users\Tuomas\Documents\PlatformIO\Projects\openATControl\lib\U8g2\examples\page_buffer\Korean\Korean.ino", "C++", 0, 24, 0, 0, 0, 0, 0, 253, 13, 290
"c:\Users\Tuomas\Documents\PlatformIO\Projects\openATControl\lib\U8g2\examples\page_buffer\LoadFromSD\LoadFromSD.ino", "C++", 0, 151, 0, 0, 0, 0, 0, 270, 26, 447
"c:\Users\Tuomas\Documents\PlatformIO\Projects\openATControl\lib\U8g2\examples\page_buffer\PowerSaveTest\PowerSaveTest.ino", "C++", 0, 32, 0, 0, 0, 0, 0, 247, 14, 293
"c:\Users\Tuomas\Documents\PlatformIO\Projects\openATControl\lib\U8g2\examples\page_buffer\PrintHelloWorld\PrintHelloWorld.ino", "C++", 0, 20, 0, 0, 0, 0, 0, 253, 13, 286
"c:\Users\Tuomas\Documents\PlatformIO\Projects\openATControl\lib\U8g2\examples\page_buffer\PrintProgmem\PrintProgmem.ino", "C++", 0, 32, 0, 0, 0, 0, 0, 256, 19, 307
"c:\Users\Tuomas\Documents\PlatformIO\Projects\openATControl\lib\U8g2\examples\page_buffer\PrintUTF8\PrintUTF8.ino", "C++", 0, 24, 0, 0, 0, 0, 0, 255, 13, 292
"c:\Users\Tuomas\Documents\PlatformIO\Projects\openATControl\lib\U8g2\examples\page_buffer\ScrollingText\ScrollingText.ino", "C++", 0, 36, 0, 0, 0, 0, 0, 270, 31, 337
"c:\Users\Tuomas\Documents\PlatformIO\Projects\openATControl\lib\U8g2\examples\page_buffer\SelectionList\SelectionList.ino", "C++", 0, 43, 0, 0, 0, 0, 0, 253, 24, 320
"c:\Users\Tuomas\Documents\PlatformIO\Projects\openATControl\lib\U8g2\examples\page_buffer\Serial\Serial.ino", "C++", 0, 28, 0, 0, 0, 0, 0, 272, 23, 323
"c:\Users\Tuomas\Documents\PlatformIO\Projects\openATControl\lib\U8g2\examples\page_buffer\Shennong\Shennong.ino", "C++", 0, 104, 0, 0, 0, 0, 0, 333, 49, 486
"c:\Users\Tuomas\Documents\PlatformIO\Projects\openATControl\lib\U8g2\examples\page_buffer\StateBufferLoop\StateBufferLoop.ino", "C++", 0, 36, 0, 0, 0, 0, 0, 284, 29, 349
"c:\Users\Tuomas\Documents\PlatformIO\Projects\openATControl\lib\U8g2\examples\page_buffer\Terminal\Terminal.ino", "C++", 0, 34, 0, 0, 0, 0, 0, 270, 26, 330
"c:\Users\Tuomas\Documents\PlatformIO\Projects\openATControl\lib\U8g2\examples\page_buffer\U8g2Logo\U8g2Logo.ino", "C++", 0, 74, 0, 0, 0, 0, 0, 269, 34, 377
"c:\Users\Tuomas\Documents\PlatformIO\Projects\openATControl\lib\U8g2\examples\page_buffer\UpdatePartly\UpdatePartly.ino", "C++", 0, 43, 0, 0, 0, 0, 0, 278, 34, 355
"c:\Users\Tuomas\Documents\PlatformIO\Projects\openATControl\lib\U8g2\examples\page_buffer\Weather\Weather.ino", "C++", 0, 110, 0, 0, 0, 0, 0, 281, 35, 426
"c:\Users\Tuomas\Documents\PlatformIO\Projects\openATControl\lib\U8g2\examples\page_buffer\XBM\XBM.ino", "C++", 0, 77, 0, 0, 0, 0, 0, 269, 23, 369
"c:\Users\Tuomas\Documents\PlatformIO\Projects\openATControl\lib\U8g2\examples\page_buffer\XORTest\XORTest.ino", "C++", 0, 53, 0, 0, 0, 0, 0, 266, 26, 345
"c:\Users\Tuomas\Documents\PlatformIO\Projects\openATControl\lib\U8g2\examples\u8x8\16x16Font\16x16Font.ino", "C++", 0, 18, 0, 0, 0, 0, 0, 220, 15, 253
"c:\Users\Tuomas\Documents\PlatformIO\Projects\openATControl\lib\U8g2\examples\u8x8\ArduboyTest\ArduboyTest.ino", "C++", 0, 86, 0, 0, 0, 0, 0, 38, 17, 141
"c:\Users\Tuomas\Documents\PlatformIO\Projects\openATControl\lib\U8g2\examples\u8x8\FlipMode\FlipMode.ino", "C++", 0, 27, 0, 0, 0, 0, 0, 215, 14, 256
"c:\Users\Tuomas\Documents\PlatformIO\Projects\openATControl\lib\U8g2\examples\u8x8\GraphicsTest\GraphicsTest.ino", "C++", 0, 140, 0, 0, 0, 0, 0, 222, 30, 392
"c:\Users\Tuomas\Documents\PlatformIO\Projects\openATControl\lib\U8g2\examples\u8x8\HelloWorld\HelloWorld.ino", "C++", 0, 17, 0, 0, 0, 0, 0, 219, 14, 250
"c:\Users\Tuomas\Documents\PlatformIO\Projects\openATControl\lib\U8g2\examples\u8x8\MessageBox\MessageBox.ino", "C++", 0, 27, 0, 0, 0, 0, 0, 217, 11, 255
"c:\Users\Tuomas\Documents\PlatformIO\Projects\openATControl\lib\U8g2\examples\u8x8\Terminal\Terminal.ino", "C++", 0, 27, 0, 0, 0, 0, 0, 222, 19, 268
"c:\Users\Tuomas\Documents\PlatformIO\Projects\openATControl\lib\U8g2\library.properties", "Properties", 0, 0, 0, 10, 0, 0, 0, 0, 1, 11
"c:\Users\Tuomas\Documents\PlatformIO\Projects\openATControl\lib\U8g2\src\U8g2lib.cpp", "C++", 0, 27, 0, 0, 0, 0, 0, 37, 13, 77
"c:\Users\Tuomas\Documents\PlatformIO\Projects\openATControl\lib\U8g2\src\U8g2lib.h", "C++", 0, 16512, 0, 0, 0, 0, 0, 107, 103, 16722
"c:\Users\Tuomas\Documents\PlatformIO\Projects\openATControl\lib\U8g2\src\U8x8lib.cpp", "C++", 0, 1276, 0, 0, 0, 0, 0, 295, 303, 1874
"c:\Users\Tuomas\Documents\PlatformIO\Projects\openATControl\lib\U8g2\src\U8x8lib.h", "C++", 0, 5648, 0, 0, 0, 0, 0, 82, 93, 5823
"c:\Users\Tuomas\Documents\PlatformIO\Projects\openATControl\lib\U8g2\src\clib\u8g2.h", "C++", 0, 2896, 0, 0, 0, 0, 0, 240, 157, 3293
"c:\Users\Tuomas\Documents\PlatformIO\Projects\openATControl\lib\U8g2\src\clib\u8g2_bitmap.c", "C", 0, 0, 146, 0, 0, 0, 0, 41, 32, 219
"c:\Users\Tuomas\Documents\PlatformIO\Projects\openATControl\lib\U8g2\src\clib\u8g2_box.c", "C", 0, 0, 129, 0, 0, 0, 0, 45, 34, 208
"c:\Users\Tuomas\Documents\PlatformIO\Projects\openATControl\lib\U8g2\src\clib\u8g2_buffer.c", "C", 0, 0, 120, 0, 0, 0, 0, 65, 29, 214
"c:\Users\Tuomas\Documents\PlatformIO\Projects\openATControl\lib\U8g2\src\clib\u8g2_circle.c", "C", 0, 0, 331, 0, 0, 0, 0, 68, 81, 480
"c:\Users\Tuomas\Documents\PlatformIO\Projects\openATControl\lib\U8g2\src\clib\u8g2_cleardisplay.c", "C", 0, 0, 8, 0, 0, 0, 0, 44, 3, 55
"c:\Users\Tuomas\Documents\PlatformIO\Projects\openATControl\lib\U8g2\src\clib\u8g2_d_memory.c", "C", 0, 0, 1453, 0, 0, 0, 0, 3, 3, 1459
"c:\Users\Tuomas\Documents\PlatformIO\Projects\openATControl\lib\U8g2\src\clib\u8g2_d_setup.c", "C", 0, 0, 4753, 0, 0, 0, 0, 611, 3, 5367
"c:\Users\Tuomas\Documents\PlatformIO\Projects\openATControl\lib\U8g2\src\clib\u8g2_font.c", "C", 0, 0, 794, 0, 0, 0, 0, 313, 185, 1292
"c:\Users\Tuomas\Documents\PlatformIO\Projects\openATControl\lib\U8g2\src\clib\u8g2_fonts.c", "C", 0, 0, 312082, 0, 0, 0, 0, 31495, 2, 343579
"c:\Users\Tuomas\Documents\PlatformIO\Projects\openATControl\lib\U8g2\src\clib\u8g2_hvline.c", "C", 0, 0, 108, 0, 0, 0, 0, 118, 30, 256
"c:\Users\Tuomas\Documents\PlatformIO\Projects\openATControl\lib\U8g2\src\clib\u8g2_input_value.c", "C", 0, 0, 82, 0, 0, 0, 0, 51, 18, 151
"c:\Users\Tuomas\Documents\PlatformIO\Projects\openATControl\lib\U8g2\src\clib\u8g2_intersection.c", "C", 0, 0, 94, 0, 0, 0, 0, 63, 20, 177
"c:\Users\Tuomas\Documents\PlatformIO\Projects\openATControl\lib\U8g2\src\clib\u8g2_kerning.c", "C", 0, 0, 41, 0, 0, 0, 0, 44, 10, 95
"c:\Users\Tuomas\Documents\PlatformIO\Projects\openATControl\lib\U8g2\src\clib\u8g2_line.c", "C", 0, 0, 47, 0, 0, 0, 0, 35, 11, 93
"c:\Users\Tuomas\Documents\PlatformIO\Projects\openATControl\lib\U8g2\src\clib\u8g2_ll_hvline.c", "C", 0, 0, 202, 0, 0, 0, 0, 118, 52, 372
"c:\Users\Tuomas\Documents\PlatformIO\Projects\openATControl\lib\U8g2\src\clib\u8g2_message.c", "C", 0, 0, 109, 0, 0, 0, 0, 57, 32, 198
"c:\Users\Tuomas\Documents\PlatformIO\Projects\openATControl\lib\U8g2\src\clib\u8g2_polygon.c", "C", 0, 0, 258, 0, 0, 0, 0, 28, 61, 347
"c:\Users\Tuomas\Documents\PlatformIO\Projects\openATControl\lib\U8g2\src\clib\u8g2_selection_list.c", "C", 0, 0, 159, 0, 0, 0, 0, 83, 43, 285
"c:\Users\Tuomas\Documents\PlatformIO\Projects\openATControl\lib\U8g2\src\clib\u8g2_setup.c", "C", 0, 0, 268, 0, 0, 0, 0, 92, 91, 451
"c:\Users\Tuomas\Documents\PlatformIO\Projects\openATControl\lib\U8g2\src\clib\u8log.c", "C", 0, 0, 167, 0, 0, 0, 0, 67, 27, 261
"c:\Users\Tuomas\Documents\PlatformIO\Projects\openATControl\lib\U8g2\src\clib\u8log_u8g2.c", "C", 0, 0, 33, 0, 0, 0, 0, 61, 5, 99
"c:\Users\Tuomas\Documents\PlatformIO\Projects\openATControl\lib\U8g2\src\clib\u8log_u8x8.c", "C", 0, 0, 34, 0, 0, 0, 0, 35, 7, 76
"c:\Users\Tuomas\Documents\PlatformIO\Projects\openATControl\lib\U8g2\src\clib\u8x8.h", "C++", 0, 653, 0, 0, 0, 0, 0, 350, 195, 1198
"c:\Users\Tuomas\Documents\PlatformIO\Projects\openATControl\lib\U8g2\src\clib\u8x8_8x8.c", "C", 0, 0, 351, 0, 0, 0, 0, 91, 52, 494
"c:\Users\Tuomas\Documents\PlatformIO\Projects\openATControl\lib\U8g2\src\clib\u8x8_byte.c", "C", 0, 0, 479, 0, 0, 0, 0, 110, 78, 667
"c:\Users\Tuomas\Documents\PlatformIO\Projects\openATControl\lib\U8g2\src\clib\u8x8_cad.c", "C", 0, 0, 504, 0, 0, 0, 0, 201, 45, 750
"c:\Users\Tuomas\Documents\PlatformIO\Projects\openATControl\lib\U8g2\src\clib\u8x8_capture.c", "C", 0, 0, 169, 0, 0, 0, 0, 52, 33, 254
"c:\Users\Tuomas\Documents\PlatformIO\Projects\openATControl\lib\U8g2\src\clib\u8x8_d_a2printer.c", "C", 0, 0, 100, 0, 0, 0, 0, 57, 25, 182
"c:\Users\Tuomas\Documents\PlatformIO\Projects\openATControl\lib\U8g2\src\clib\u8x8_d_il3820_296x128.c", "C", 0, 0, 300, 0, 0, 0, 0, 157, 96, 553
"c:\Users\Tuomas\Documents\PlatformIO\Projects\openATControl\lib\U8g2\src\clib\u8x8_d_ist3020.c", "C", 0, 0, 136, 0, 0, 0, 0, 38, 27, 201
"c:\Users\Tuomas\Documents\PlatformIO\Projects\openATControl\lib\U8g2\src\clib\u8x8_d_ist7920.c", "C", 0, 0, 134, 0, 0, 0, 0, 40, 29, 203
"c:\Users\Tuomas\Documents\PlatformIO\Projects\openATControl\lib\U8g2\src\clib\u8x8_d_ks0108.c", "C", 0, 0, 227, 0, 0, 0, 0, 72, 46, 345
"c:\Users\Tuomas\Documents\PlatformIO\Projects\openATControl\lib\U8g2\src\clib\u8x8_d_lc7981.c", "C", 0, 0, 260, 0, 0, 0, 0, 148, 63, 471
"c:\Users\Tuomas\Documents\PlatformIO\Projects\openATControl\lib\U8g2\src\clib\u8x8_d_ld7032_60x32.c", "C", 0, 0, 170, 0, 0, 0, 0, 46, 28, 244
"c:\Users\Tuomas\Documents\PlatformIO\Projects\openATControl\lib\U8g2\src\clib\u8x8_d_ls013b7dh03.c", "C", 0, 0, 134, 0, 0, 0, 0, 43, 21, 198
"c:\Users\Tuomas\Documents\PlatformIO\Projects\openATControl\lib\U8g2\src\clib\u8x8_d_max7219.c", "C", 0, 0, 294, 0, 0, 0, 0, 64, 47, 405
"c:\Users\Tuomas\Documents\PlatformIO\Projects\openATControl\lib\U8g2\src\clib\u8x8_d_pcd8544_84x48.c", "C", 0, 0, 108, 0, 0, 0, 0, 37, 22, 167
"c:\Users\Tuomas\Documents\PlatformIO\Projects\openATControl\lib\U8g2\src\clib\u8x8_d_pcf8812.c", "C", 0, 0, 105, 0, 0, 0, 0, 65, 24, 194
"c:\Users\Tuomas\Documents\PlatformIO\Projects\openATControl\lib\U8g2\src\clib\u8x8_d_pcf8814_hx1230.c", "C", 0, 0, 130, 0, 0, 0, 0, 44, 25, 199
"c:\Users\Tuomas\Documents\PlatformIO\Projects\openATControl\lib\U8g2\src\clib\u8x8_d_sbn1661.c", "C", 0, 0, 135, 0, 0, 0, 0, 47, 36, 218
"c:\Users\Tuomas\Documents\PlatformIO\Projects\openATControl\lib\U8g2\src\clib\u8x8_d_sed1330.c", "C", 0, 0, 231, 0, 0, 0, 0, 67, 54, 352
"c:\Users\Tuomas\Documents\PlatformIO\Projects\openATControl\lib\U8g2\src\clib\u8x8_d_sh1106_64x32.c", "C", 0, 0, 142, 0, 0, 0, 0, 48, 26, 216
"c:\Users\Tuomas\Documents\PlatformIO\Projects\openATControl\lib\U8g2\src\clib\u8x8_d_sh1106_72x40.c", "C", 0, 0, 142, 0, 0, 0, 0, 49, 26, 217
"c:\Users\Tuomas\Documents\PlatformIO\Projects\openATControl\lib\U8g2\src\clib\u8x8_d_sh1107.c", "C", 0, 0, 338, 0, 0, 0, 0, 90, 74, 502
"c:\Users\Tuomas\Documents\PlatformIO\Projects\openATControl\lib\U8g2\src\clib\u8x8_d_sh1108.c", "C", 0, 0, 141, 0, 0, 0, 0, 55, 30, 226
"c:\Users\Tuomas\Documents\PlatformIO\Projects\openATControl\lib\U8g2\src\clib\u8x8_d_sh1122.c", "C", 0, 0, 165, 0, 0, 0, 0, 87, 36, 288
"c:\Users\Tuomas\Documents\PlatformIO\Projects\openATControl\lib\U8g2\src\clib\u8x8_d_ssd1305.c", "C", 0, 0, 269, 0, 0, 0, 0, 60, 61, 390
"c:\Users\Tuomas\Documents\PlatformIO\Projects\openATControl\lib\U8g2\src\clib\u8x8_d_ssd1306_128x32.c", "C", 0, 0, 169, 0, 0, 0, 0, 53, 31, 253
"c:\Users\Tuomas\Documents\PlatformIO\Projects\openATControl\lib\U8g2\src\clib\u8x8_d_ssd1306_128x64_noname.c", "C", 0, 0, 315, 0, 0, 0, 0, 76, 75, 466
"c:\Users\Tuomas\Documents\PlatformIO\Projects\openATControl\lib\U8g2\src\clib\u8x8_d_ssd1306_48x64.c", "C", 0, 0, 144, 0, 0, 0, 0, 52, 20, 216
"c:\Users\Tuomas\Documents\PlatformIO\Projects\openATControl\lib\U8g2\src\clib\u8x8_d_ssd1306_64x32.c", "C", 0, 0, 175, 0, 0, 0, 0, 49, 35, 259
"c:\Users\Tuomas\Documents\PlatformIO\Projects\openATControl\lib\U8g2\src\clib\u8x8_d_ssd1306_64x48.c", "C", 0, 0, 139, 0, 0, 0, 0, 48, 27, 214
"c:\Users\Tuomas\Documents\PlatformIO\Projects\openATControl\lib\U8g2\src\clib\u8x8_d_ssd1306_72x40.c", "C", 0, 0, 140, 0, 0, 0, 0, 98, 29, 267
"c:\Users\Tuomas\Documents\PlatformIO\Projects\openATControl\lib\U8g2\src\clib\u8x8_d_ssd1306_96x16.c", "C", 0, 0, 139, 0, 0, 0, 0, 48, 27, 214
"c:\Users\Tuomas\Documents\PlatformIO\Projects\openATControl\lib\U8g2\src\clib\u8x8_d_ssd1309.c", "C", 0, 0, 191, 0, 0, 0, 0, 55, 43, 289
"c:\Users\Tuomas\Documents\PlatformIO\Projects\openATControl\lib\U8g2\src\clib\u8x8_d_ssd1316.c", "C", 0, 0, 140, 0, 0, 0, 0, 59, 38, 237
"c:\Users\Tuomas\Documents\PlatformIO\Projects\openATControl\lib\U8g2\src\clib\u8x8_d_ssd1317.c", "C", 0, 0, 143, 0, 0, 0, 0, 64, 35, 242
"c:\Users\Tuomas\Documents\PlatformIO\Projects\openATControl\lib\U8g2\src\clib\u8x8_d_ssd1318.c", "C", 0, 0, 181, 0, 0, 0, 0, 78, 59, 318
"c:\Users\Tuomas\Documents\PlatformIO\Projects\openATControl\lib\U8g2\src\clib\u8x8_d_ssd1322.c", "C", 0, 0, 358, 0, 0, 0, 0, 101, 75, 534
"c:\Users\Tuomas\Documents\PlatformIO\Projects\openATControl\lib\U8g2\src\clib\u8x8_d_ssd1325.c", "C", 0, 0, 299, 0, 0, 0, 0, 80, 57, 436
"c:\Users\Tuomas\Documents\PlatformIO\Projects\openATControl\lib\U8g2\src\clib\u8x8_d_ssd1326.c", "C", 0, 0, 175, 0, 0, 0, 0, 60, 43, 278
"c:\Users\Tuomas\Documents\PlatformIO\Projects\openATControl\lib\U8g2\src\clib\u8x8_d_ssd1327.c", "C", 0, 0, 587, 0, 0, 0, 0, 214, 152, 953
"c:\Users\Tuomas\Documents\PlatformIO\Projects\openATControl\lib\U8g2\src\clib\u8x8_d_ssd1329.c", "C", 0, 0, 207, 0, 0, 0, 0, 49, 43, 299
"c:\Users\Tuomas\Documents\PlatformIO\Projects\openATControl\lib\U8g2\src\clib\u8x8_d_ssd1606_172x72.c", "C", 0, 0, 204, 0, 0, 0, 0, 128, 63, 395
"c:\Users\Tuomas\Documents\PlatformIO\Projects\openATControl\lib\U8g2\src\clib\u8x8_d_ssd1607_200x200.c", "C", 0, 0, 410, 0, 0, 0, 0, 187, 122, 719
"c:\Users\Tuomas\Documents\PlatformIO\Projects\openATControl\lib\U8g2\src\clib\u8x8_d_st7511.c", "C", 0, 0, 135, 0, 0, 0, 0, 51, 29, 215
"c:\Users\Tuomas\Documents\PlatformIO\Projects\openATControl\lib\U8g2\src\clib\u8x8_d_st75256.c", "C", 0, 0, 1256, 0, 0, 0, 0, 209, 312, 1777
"c:\Users\Tuomas\Documents\PlatformIO\Projects\openATControl\lib\U8g2\src\clib\u8x8_d_st7528.c", "C", 0, 0, 189, 0, 0, 0, 0, 81, 44, 314
"c:\Users\Tuomas\Documents\PlatformIO\Projects\openATControl\lib\U8g2\src\clib\u8x8_d_st75320.c", "C", 0, 0, 174, 0, 0, 0, 0, 59, 39, 272
"c:\Users\Tuomas\Documents\PlatformIO\Projects\openATControl\lib\U8g2\src\clib\u8x8_d_st7565.c", "C", 0, 0, 873, 0, 0, 0, 0, 171, 182, 1226
"c:\Users\Tuomas\Documents\PlatformIO\Projects\openATControl\lib\U8g2\src\clib\u8x8_d_st7567.c", "C", 0, 0, 656, 0, 0, 0, 0, 93, 111, 860
"c:\Users\Tuomas\Documents\PlatformIO\Projects\openATControl\lib\U8g2\src\clib\u8x8_d_st7586s_erc240160.c", "C", 0, 0, 185, 0, 0, 0, 0, 40, 32, 257
"c:\Users\Tuomas\Documents\PlatformIO\Projects\openATControl\lib\U8g2\src\clib\u8x8_d_st7586s_s028hn118a.c", "C", 0, 0, 181, 0, 0, 0, 0, 35, 31, 247
"c:\Users\Tuomas\Documents\PlatformIO\Projects\openATControl\lib\U8g2\src\clib\u8x8_d_st7588.c", "C", 0, 0, 155, 0, 0, 0, 0, 57, 45, 257
"c:\Users\Tuomas\Documents\PlatformIO\Projects\openATControl\lib\U8g2\src\clib\u8x8_d_st7920.c", "C", 0, 0, 144, 0, 0, 0, 0, 61, 31, 236
"c:\Users\Tuomas\Documents\PlatformIO\Projects\openATControl\lib\U8g2\src\clib\u8x8_d_t6963.c", "C", 0, 0, 347, 0, 0, 0, 0, 155, 62, 564
"c:\Users\Tuomas\Documents\PlatformIO\Projects\openATControl\lib\U8g2\src\clib\u8x8_d_uc1601.c", "C", 0, 0, 126, 0, 0, 0, 0, 39, 24, 189
"c:\Users\Tuomas\Documents\PlatformIO\Projects\openATControl\lib\U8g2\src\clib\u8x8_d_uc1604.c", "C", 0, 0, 146, 0, 0, 0, 0, 59, 36, 241
"c:\Users\Tuomas\Documents\PlatformIO\Projects\openATControl\lib\U8g2\src\clib\u8x8_d_uc1608.c", "C", 0, 0, 261, 0, 0, 0, 0, 69, 64, 394
"c:\Users\Tuomas\Documents\PlatformIO\Projects\openATControl\lib\U8g2\src\clib\u8x8_d_uc1610.c", "C", 0, 0, 158, 0, 0, 0, 0, 103, 44, 305
"c:\Users\Tuomas\Documents\PlatformIO\Projects\openATControl\lib\U8g2\src\clib\u8x8_d_uc1611.c", "C", 0, 0, 446, 0, 0, 0, 0, 118, 70, 634
"c:\Users\Tuomas\Documents\PlatformIO\Projects\openATControl\lib\U8g2\src\clib\u8x8_d_uc1617.c", "C", 0, 0, 165, 0, 0, 0, 0, 44, 33, 242
"c:\Users\Tuomas\Documents\PlatformIO\Projects\openATControl\lib\U8g2\src\clib\u8x8_d_uc1638.c", "C", 0, 0, 140, 0, 0, 0, 0, 51, 33, 224
"c:\Users\Tuomas\Documents\PlatformIO\Projects\openATControl\lib\U8g2\src\clib\u8x8_d_uc1701_dogs102.c", "C", 0, 0, 137, 0, 0, 0, 0, 43, 24, 204
"c:\Users\Tuomas\Documents\PlatformIO\Projects\openATControl\lib\U8g2\src\clib\u8x8_d_uc1701_mini12864.c", "C", 0, 0, 139, 0, 0, 0, 0, 43, 24, 206
"c:\Users\Tuomas\Documents\PlatformIO\Projects\openATControl\lib\U8g2\src\clib\u8x8_debounce.c", "C", 0, 0, 111, 0, 0, 0, 0, 76, 19, 206
"c:\Users\Tuomas\Documents\PlatformIO\Projects\openATControl\lib\U8g2\src\clib\u8x8_display.c", "C", 0, 0, 88, 0, 0, 0, 0, 56, 21, 165
"c:\Users\Tuomas\Documents\PlatformIO\Projects\openATControl\lib\U8g2\src\clib\u8x8_fonts.c", "C", 0, 0, 19043, 0, 0, 0, 0, 789, 2, 19834
"c:\Users\Tuomas\Documents\PlatformIO\Projects\openATControl\lib\U8g2\src\clib\u8x8_gpio.c", "C", 0, 0, 5, 0, 0, 0, 0, 40, 5, 50
"c:\Users\Tuomas\Documents\PlatformIO\Projects\openATControl\lib\U8g2\src\clib\u8x8_input_value.c", "C", 0, 0, 70, 0, 0, 0, 0, 44, 10, 124
"c:\Users\Tuomas\Documents\PlatformIO\Projects\openATControl\lib\U8g2\src\clib\u8x8_message.c", "C", 0, 0, 87, 0, 0, 0, 0, 47, 19, 153
"c:\Users\Tuomas\Documents\PlatformIO\Projects\openATControl\lib\U8g2\src\clib\u8x8_selection_list.c", "C", 0, 0, 100, 0, 0, 0, 0, 53, 21, 174
"c:\Users\Tuomas\Documents\PlatformIO\Projects\openATControl\lib\U8g2\src\clib\u8x8_setup.c", "C", 0, 0, 69, 0, 0, 0, 0, 62, 17, 148
"c:\Users\Tuomas\Documents\PlatformIO\Projects\openATControl\lib\U8g2\src\clib\u8x8_string.c", "C", 0, 0, 98, 0, 0, 0, 0, 60, 13, 171
"c:\Users\Tuomas\Documents\PlatformIO\Projects\openATControl\lib\U8g2\src\clib\u8x8_u16toa.c", "C", 0, 0, 36, 0, 0, 0, 0, 36, 5, 77
"c:\Users\Tuomas\Documents\PlatformIO\Projects\openATControl\lib\U8g2\src\clib\u8x8_u8toa.c", "C", 0, 0, 27, 0, 0, 0, 0, 35, 6, 68
"c:\Users\Tuomas\Documents\PlatformIO\Projects\openATControl\platformio.ini", "Ini", 6, 0, 0, 0, 0, 0, 0, 9, 2, 17
"c:\Users\Tuomas\Documents\PlatformIO\Projects\openATControl\src\U8g2lib.cpp", "C++", 0, 27, 0, 0, 0, 0, 0, 37, 13, 77
"c:\Users\Tuomas\Documents\PlatformIO\Projects\openATControl\src\U8g2lib.h", "C++", 0, 16512, 0, 0, 0, 0, 0, 107, 103, 16722
"c:\Users\Tuomas\Documents\PlatformIO\Projects\openATControl\src\U8x8lib.cpp", "C++", 0, 1276, 0, 0, 0, 0, 0, 295, 303, 1874
"c:\Users\Tuomas\Documents\PlatformIO\Projects\openATControl\src\U8x8lib.h", "C++", 0, 5648, 0, 0, 0, 0, 0, 82, 93, 5823
"c:\Users\Tuomas\Documents\PlatformIO\Projects\openATControl\src\buttonPad.cpp", "C++", 0, 34, 0, 0, 0, 0, 0, 0, 10, 44
"c:\Users\Tuomas\Documents\PlatformIO\Projects\openATControl\src\clib\u8g2.h", "C++", 0, 2896, 0, 0, 0, 0, 0, 240, 157, 3293
"c:\Users\Tuomas\Documents\PlatformIO\Projects\openATControl\src\clib\u8g2_bitmap.c", "C", 0, 0, 146, 0, 0, 0, 0, 41, 32, 219
"c:\Users\Tuomas\Documents\PlatformIO\Projects\openATControl\src\clib\u8g2_box.c", "C", 0, 0, 129, 0, 0, 0, 0, 45, 34, 208
"c:\Users\Tuomas\Documents\PlatformIO\Projects\openATControl\src\clib\u8g2_buffer.c", "C", 0, 0, 120, 0, 0, 0, 0, 65, 29, 214
"c:\Users\Tuomas\Documents\PlatformIO\Projects\openATControl\src\clib\u8g2_circle.c", "C", 0, 0, 331, 0, 0, 0, 0, 68, 81, 480
"c:\Users\Tuomas\Documents\PlatformIO\Projects\openATControl\src\clib\u8g2_cleardisplay.c", "C", 0, 0, 8, 0, 0, 0, 0, 44, 3, 55
"c:\Users\Tuomas\Documents\PlatformIO\Projects\openATControl\src\clib\u8g2_d_memory.c", "C", 0, 0, 1453, 0, 0, 0, 0, 3, 3, 1459
"c:\Users\Tuomas\Documents\PlatformIO\Projects\openATControl\src\clib\u8g2_d_setup.c", "C", 0, 0, 4753, 0, 0, 0, 0, 611, 3, 5367
"c:\Users\Tuomas\Documents\PlatformIO\Projects\openATControl\src\clib\u8g2_font.c", "C", 0, 0, 794, 0, 0, 0, 0, 313, 185, 1292
"c:\Users\Tuomas\Documents\PlatformIO\Projects\openATControl\src\clib\u8g2_fonts.c", "C", 0, 0, 312082, 0, 0, 0, 0, 31495, 2, 343579
"c:\Users\Tuomas\Documents\PlatformIO\Projects\openATControl\src\clib\u8g2_hvline.c", "C", 0, 0, 108, 0, 0, 0, 0, 118, 30, 256
"c:\Users\Tuomas\Documents\PlatformIO\Projects\openATControl\src\clib\u8g2_input_value.c", "C", 0, 0, 82, 0, 0, 0, 0, 51, 18, 151
"c:\Users\Tuomas\Documents\PlatformIO\Projects\openATControl\src\clib\u8g2_intersection.c", "C", 0, 0, 94, 0, 0, 0, 0, 63, 20, 177
"c:\Users\Tuomas\Documents\PlatformIO\Projects\openATControl\src\clib\u8g2_kerning.c", "C", 0, 0, 41, 0, 0, 0, 0, 44, 10, 95
"c:\Users\Tuomas\Documents\PlatformIO\Projects\openATControl\src\clib\u8g2_line.c", "C", 0, 0, 47, 0, 0, 0, 0, 35, 11, 93
"c:\Users\Tuomas\Documents\PlatformIO\Projects\openATControl\src\clib\u8g2_ll_hvline.c", "C", 0, 0, 202, 0, 0, 0, 0, 118, 52, 372
"c:\Users\Tuomas\Documents\PlatformIO\Projects\openATControl\src\clib\u8g2_message.c", "C", 0, 0, 109, 0, 0, 0, 0, 57, 32, 198
"c:\Users\Tuomas\Documents\PlatformIO\Projects\openATControl\src\clib\u8g2_polygon.c", "C", 0, 0, 258, 0, 0, 0, 0, 28, 61, 347
"c:\Users\Tuomas\Documents\PlatformIO\Projects\openATControl\src\clib\u8g2_selection_list.c", "C", 0, 0, 159, 0, 0, 0, 0, 83, 43, 285
"c:\Users\Tuomas\Documents\PlatformIO\Projects\openATControl\src\clib\u8g2_setup.c", "C", 0, 0, 268, 0, 0, 0, 0, 92, 91, 451
"c:\Users\Tuomas\Documents\PlatformIO\Projects\openATControl\src\clib\u8log.c", "C", 0, 0, 167, 0, 0, 0, 0, 67, 27, 261
"c:\Users\Tuomas\Documents\PlatformIO\Projects\openATControl\src\clib\u8log_u8g2.c", "C", 0, 0, 33, 0, 0, 0, 0, 61, 5, 99
"c:\Users\Tuomas\Documents\PlatformIO\Projects\openATControl\src\clib\u8log_u8x8.c", "C", 0, 0, 34, 0, 0, 0, 0, 35, 7, 76
"c:\Users\Tuomas\Documents\PlatformIO\Projects\openATControl\src\clib\u8x8.h", "C++", 0, 653, 0, 0, 0, 0, 0, 350, 195, 1198
"c:\Users\Tuomas\Documents\PlatformIO\Projects\openATControl\src\clib\u8x8_8x8.c", "C", 0, 0, 351, 0, 0, 0, 0, 91, 52, 494
"c:\Users\Tuomas\Documents\PlatformIO\Projects\openATControl\src\clib\u8x8_byte.c", "C", 0, 0, 479, 0, 0, 0, 0, 110, 78, 667
"c:\Users\Tuomas\Documents\PlatformIO\Projects\openATControl\src\clib\u8x8_cad.c", "C", 0, 0, 504, 0, 0, 0, 0, 201, 45, 750
"c:\Users\Tuomas\Documents\PlatformIO\Projects\openATControl\src\clib\u8x8_capture.c", "C", 0, 0, 169, 0, 0, 0, 0, 52, 33, 254
"c:\Users\Tuomas\Documents\PlatformIO\Projects\openATControl\src\clib\u8x8_d_a2printer.c", "C", 0, 0, 100, 0, 0, 0, 0, 57, 25, 182
"c:\Users\Tuomas\Documents\PlatformIO\Projects\openATControl\src\clib\u8x8_d_il3820_296x128.c", "C", 0, 0, 300, 0, 0, 0, 0, 157, 96, 553
"c:\Users\Tuomas\Documents\PlatformIO\Projects\openATControl\src\clib\u8x8_d_ist3020.c", "C", 0, 0, 136, 0, 0, 0, 0, 38, 27, 201
"c:\Users\Tuomas\Documents\PlatformIO\Projects\openATControl\src\clib\u8x8_d_ist7920.c", "C", 0, 0, 134, 0, 0, 0, 0, 40, 29, 203
"c:\Users\Tuomas\Documents\PlatformIO\Projects\openATControl\src\clib\u8x8_d_ks0108.c", "C", 0, 0, 227, 0, 0, 0, 0, 72, 46, 345
"c:\Users\Tuomas\Documents\PlatformIO\Projects\openATControl\src\clib\u8x8_d_lc7981.c", "C", 0, 0, 260, 0, 0, 0, 0, 148, 63, 471
"c:\Users\Tuomas\Documents\PlatformIO\Projects\openATControl\src\clib\u8x8_d_ld7032_60x32.c", "C", 0, 0, 170, 0, 0, 0, 0, 46, 28, 244
"c:\Users\Tuomas\Documents\PlatformIO\Projects\openATControl\src\clib\u8x8_d_ls013b7dh03.c", "C", 0, 0, 134, 0, 0, 0, 0, 43, 21, 198
"c:\Users\Tuomas\Documents\PlatformIO\Projects\openATControl\src\clib\u8x8_d_max7219.c", "C", 0, 0, 294, 0, 0, 0, 0, 64, 47, 405
"c:\Users\Tuomas\Documents\PlatformIO\Projects\openATControl\src\clib\u8x8_d_pcd8544_84x48.c", "C", 0, 0, 108, 0, 0, 0, 0, 37, 22, 167
"c:\Users\Tuomas\Documents\PlatformIO\Projects\openATControl\src\clib\u8x8_d_pcf8812.c", "C", 0, 0, 105, 0, 0, 0, 0, 65, 24, 194
"c:\Users\Tuomas\Documents\PlatformIO\Projects\openATControl\src\clib\u8x8_d_pcf8814_hx1230.c", "C", 0, 0, 130, 0, 0, 0, 0, 44, 25, 199
"c:\Users\Tuomas\Documents\PlatformIO\Projects\openATControl\src\clib\u8x8_d_sbn1661.c", "C", 0, 0, 135, 0, 0, 0, 0, 47, 36, 218
"c:\Users\Tuomas\Documents\PlatformIO\Projects\openATControl\src\clib\u8x8_d_sed1330.c", "C", 0, 0, 231, 0, 0, 0, 0, 67, 54, 352
"c:\Users\Tuomas\Documents\PlatformIO\Projects\openATControl\src\clib\u8x8_d_sh1106_64x32.c", "C", 0, 0, 142, 0, 0, 0, 0, 48, 26, 216
"c:\Users\Tuomas\Documents\PlatformIO\Projects\openATControl\src\clib\u8x8_d_sh1106_72x40.c", "C", 0, 0, 142, 0, 0, 0, 0, 49, 26, 217
"c:\Users\Tuomas\Documents\PlatformIO\Projects\openATControl\src\clib\u8x8_d_sh1107.c", "C", 0, 0, 338, 0, 0, 0, 0, 90, 74, 502
"c:\Users\Tuomas\Documents\PlatformIO\Projects\openATControl\src\clib\u8x8_d_sh1108.c", "C", 0, 0, 141, 0, 0, 0, 0, 55, 30, 226
"c:\Users\Tuomas\Documents\PlatformIO\Projects\openATControl\src\clib\u8x8_d_sh1122.c", "C", 0, 0, 165, 0, 0, 0, 0, 87, 36, 288
"c:\Users\Tuomas\Documents\PlatformIO\Projects\openATControl\src\clib\u8x8_d_ssd1305.c", "C", 0, 0, 269, 0, 0, 0, 0, 60, 61, 390
"c:\Users\Tuomas\Documents\PlatformIO\Projects\openATControl\src\clib\u8x8_d_ssd1306_128x32.c", "C", 0, 0, 169, 0, 0, 0, 0, 53, 31, 253
"c:\Users\Tuomas\Documents\PlatformIO\Projects\openATControl\src\clib\u8x8_d_ssd1306_128x64_noname.c", "C", 0, 0, 315, 0, 0, 0, 0, 76, 75, 466
"c:\Users\Tuomas\Documents\PlatformIO\Projects\openATControl\src\clib\u8x8_d_ssd1306_48x64.c", "C", 0, 0, 144, 0, 0, 0, 0, 52, 20, 216
"c:\Users\Tuomas\Documents\PlatformIO\Projects\openATControl\src\clib\u8x8_d_ssd1306_64x32.c", "C", 0, 0, 175, 0, 0, 0, 0, 49, 35, 259
"c:\Users\Tuomas\Documents\PlatformIO\Projects\openATControl\src\clib\u8x8_d_ssd1306_64x48.c", "C", 0, 0, 139, 0, 0, 0, 0, 48, 27, 214
"c:\Users\Tuomas\Documents\PlatformIO\Projects\openATControl\src\clib\u8x8_d_ssd1306_72x40.c", "C", 0, 0, 140, 0, 0, 0, 0, 98, 29, 267
"c:\Users\Tuomas\Documents\PlatformIO\Projects\openATControl\src\clib\u8x8_d_ssd1306_96x16.c", "C", 0, 0, 139, 0, 0, 0, 0, 48, 27, 214
"c:\Users\Tuomas\Documents\PlatformIO\Projects\openATControl\src\clib\u8x8_d_ssd1309.c", "C", 0, 0, 191, 0, 0, 0, 0, 55, 43, 289
"c:\Users\Tuomas\Documents\PlatformIO\Projects\openATControl\src\clib\u8x8_d_ssd1316.c", "C", 0, 0, 140, 0, 0, 0, 0, 59, 38, 237
"c:\Users\Tuomas\Documents\PlatformIO\Projects\openATControl\src\clib\u8x8_d_ssd1317.c", "C", 0, 0, 143, 0, 0, 0, 0, 64, 35, 242
"c:\Users\Tuomas\Documents\PlatformIO\Projects\openATControl\src\clib\u8x8_d_ssd1318.c", "C", 0, 0, 181, 0, 0, 0, 0, 78, 59, 318
"c:\Users\Tuomas\Documents\PlatformIO\Projects\openATControl\src\clib\u8x8_d_ssd1322.c", "C", 0, 0, 358, 0, 0, 0, 0, 101, 75, 534
"c:\Users\Tuomas\Documents\PlatformIO\Projects\openATControl\src\clib\u8x8_d_ssd1325.c", "C", 0, 0, 299, 0, 0, 0, 0, 80, 57, 436
"c:\Users\Tuomas\Documents\PlatformIO\Projects\openATControl\src\clib\u8x8_d_ssd1326.c", "C", 0, 0, 175, 0, 0, 0, 0, 60, 43, 278
"c:\Users\Tuomas\Documents\PlatformIO\Projects\openATControl\src\clib\u8x8_d_ssd1327.c", "C", 0, 0, 587, 0, 0, 0, 0, 214, 152, 953
"c:\Users\Tuomas\Documents\PlatformIO\Projects\openATControl\src\clib\u8x8_d_ssd1329.c", "C", 0, 0, 207, 0, 0, 0, 0, 49, 43, 299
"c:\Users\Tuomas\Documents\PlatformIO\Projects\openATControl\src\clib\u8x8_d_ssd1606_172x72.c", "C", 0, 0, 204, 0, 0, 0, 0, 128, 63, 395
"c:\Users\Tuomas\Documents\PlatformIO\Projects\openATControl\src\clib\u8x8_d_ssd1607_200x200.c", "C", 0, 0, 410, 0, 0, 0, 0, 187, 122, 719
"c:\Users\Tuomas\Documents\PlatformIO\Projects\openATControl\src\clib\u8x8_d_st7511.c", "C", 0, 0, 135, 0, 0, 0, 0, 51, 29, 215
"c:\Users\Tuomas\Documents\PlatformIO\Projects\openATControl\src\clib\u8x8_d_st75256.c", "C", 0, 0, 1256, 0, 0, 0, 0, 209, 312, 1777
"c:\Users\Tuomas\Documents\PlatformIO\Projects\openATControl\src\clib\u8x8_d_st7528.c", "C", 0, 0, 189, 0, 0, 0, 0, 81, 44, 314
"c:\Users\Tuomas\Documents\PlatformIO\Projects\openATControl\src\clib\u8x8_d_st75320.c", "C", 0, 0, 174, 0, 0, 0, 0, 59, 39, 272
"c:\Users\Tuomas\Documents\PlatformIO\Projects\openATControl\src\clib\u8x8_d_st7565.c", "C", 0, 0, 873, 0, 0, 0, 0, 171, 182, 1226
"c:\Users\Tuomas\Documents\PlatformIO\Projects\openATControl\src\clib\u8x8_d_st7567.c", "C", 0, 0, 656, 0, 0, 0, 0, 93, 111, 860
"c:\Users\Tuomas\Documents\PlatformIO\Projects\openATControl\src\clib\u8x8_d_st7586s_erc240160.c", "C", 0, 0, 185, 0, 0, 0, 0, 40, 32, 257
"c:\Users\Tuomas\Documents\PlatformIO\Projects\openATControl\src\clib\u8x8_d_st7586s_s028hn118a.c", "C", 0, 0, 181, 0, 0, 0, 0, 35, 31, 247
"c:\Users\Tuomas\Documents\PlatformIO\Projects\openATControl\src\clib\u8x8_d_st7588.c", "C", 0, 0, 155, 0, 0, 0, 0, 57, 45, 257
"c:\Users\Tuomas\Documents\PlatformIO\Projects\openATControl\src\clib\u8x8_d_st7920.c", "C", 0, 0, 144, 0, 0, 0, 0, 61, 31, 236
"c:\Users\Tuomas\Documents\PlatformIO\Projects\openATControl\src\clib\u8x8_d_t6963.c", "C", 0, 0, 347, 0, 0, 0, 0, 155, 62, 564
"c:\Users\Tuomas\Documents\PlatformIO\Projects\openATControl\src\clib\u8x8_d_uc1601.c", "C", 0, 0, 126, 0, 0, 0, 0, 39, 24, 189
"c:\Users\Tuomas\Documents\PlatformIO\Projects\openATControl\src\clib\u8x8_d_uc1604.c", "C", 0, 0, 146, 0, 0, 0, 0, 59, 36, 241
"c:\Users\Tuomas\Documents\PlatformIO\Projects\openATControl\src\clib\u8x8_d_uc1608.c", "C", 0, 0, 261, 0, 0, 0, 0, 69, 64, 394
"c:\Users\Tuomas\Documents\PlatformIO\Projects\openATControl\src\clib\u8x8_d_uc1610.c", "C", 0, 0, 158, 0, 0, 0, 0, 103, 44, 305
"c:\Users\Tuomas\Documents\PlatformIO\Projects\openATControl\src\clib\u8x8_d_uc1611.c", "C", 0, 0, 446, 0, 0, 0, 0, 118, 70, 634
"c:\Users\Tuomas\Documents\PlatformIO\Projects\openATControl\src\clib\u8x8_d_uc1617.c", "C", 0, 0, 165, 0, 0, 0, 0, 44, 33, 242
"c:\Users\Tuomas\Documents\PlatformIO\Projects\openATControl\src\clib\u8x8_d_uc1638.c", "C", 0, 0, 140, 0, 0, 0, 0, 51, 33, 224
"c:\Users\Tuomas\Documents\PlatformIO\Projects\openATControl\src\clib\u8x8_d_uc1701_dogs102.c", "C", 0, 0, 137, 0, 0, 0, 0, 43, 24, 204
"c:\Users\Tuomas\Documents\PlatformIO\Projects\openATControl\src\clib\u8x8_d_uc1701_mini12864.c", "C", 0, 0, 139, 0, 0, 0, 0, 43, 24, 206
"c:\Users\Tuomas\Documents\PlatformIO\Projects\openATControl\src\clib\u8x8_debounce.c", "C", 0, 0, 111, 0, 0, 0, 0, 76, 19, 206
"c:\Users\Tuomas\Documents\PlatformIO\Projects\openATControl\src\clib\u8x8_display.c", "C", 0, 0, 88, 0, 0, 0, 0, 56, 21, 165
"c:\Users\Tuomas\Documents\PlatformIO\Projects\openATControl\src\clib\u8x8_fonts.c", "C", 0, 0, 19043, 0, 0, 0, 0, 789, 2, 19834
"c:\Users\Tuomas\Documents\PlatformIO\Projects\openATControl\src\clib\u8x8_gpio.c", "C", 0, 0, 5, 0, 0, 0, 0, 40, 5, 50
"c:\Users\Tuomas\Documents\PlatformIO\Projects\openATControl\src\clib\u8x8_input_value.c", "C", 0, 0, 70, 0, 0, 0, 0, 44, 10, 124
"c:\Users\Tuomas\Documents\PlatformIO\Projects\openATControl\src\clib\u8x8_message.c", "C", 0, 0, 87, 0, 0, 0, 0, 47, 19, 153
"c:\Users\Tuomas\Documents\PlatformIO\Projects\openATControl\src\clib\u8x8_selection_list.c", "C", 0, 0, 100, 0, 0, 0, 0, 53, 21, 174
"c:\Users\Tuomas\Documents\PlatformIO\Projects\openATControl\src\clib\u8x8_setup.c", "C", 0, 0, 69, 0, 0, 0, 0, 62, 17, 148
"c:\Users\Tuomas\Documents\PlatformIO\Projects\openATControl\src\clib\u8x8_string.c", "C", 0, 0, 98, 0, 0, 0, 0, 60, 13, 171
"c:\Users\Tuomas\Documents\PlatformIO\Projects\openATControl\src\clib\u8x8_u16toa.c", "C", 0, 0, 36, 0, 0, 0, 0, 36, 5, 77
"c:\Users\Tuomas\Documents\PlatformIO\Projects\openATControl\src\clib\u8x8_u8toa.c", "C", 0, 0, 27, 0, 0, 0, 0, 35, 6, 68
"c:\Users\Tuomas\Documents\PlatformIO\Projects\openATControl\src\core.cpp", "C++", 0, 177, 0, 0, 0, 0, 0, 43, 34, 254
"c:\Users\Tuomas\Documents\PlatformIO\Projects\openATControl\src\main.cpp", "C++", 0, 59, 0, 0, 0, 0, 0, 1, 24, 84
"c:\Users\Tuomas\Documents\PlatformIO\Projects\openATControl\src\mapHandler.cpp", "C++", 0, 616, 0, 0, 0, 0, 0, 67, 79, 762
"c:\Users\Tuomas\Documents\PlatformIO\Projects\openATControl\src\screenControl.cpp", "C++", 0, 178, 0, 0, 0, 0, 0, 5, 37, 220
"c:\Users\Tuomas\Documents\PlatformIO\Projects\openATControl\src\speedMeasurement.cpp", "C++", 0, 39, 0, 0, 0, 0, 0, 1, 9, 49
"c:\Users\Tuomas\Documents\PlatformIO\Projects\openATControl\src\storageHandler.cpp", "C++", 0, 7, 0, 0, 0, 0, 0, 0, 10, 17
"c:\Users\Tuomas\Documents\PlatformIO\Projects\openATControl\src\ui.cpp", "C++", 0, 568, 0, 0, 0, 0, 0, 54, 122, 744
"Total", "-", 6, 65583, 712890, 28, 169, 68, 25, 98886, 13066, 890721